"","index","district_name","district_name_full","short","list"
"1",1,"Abby Kelley Foster Charter Public (District)","Abby Kelley Foster Charter, Worcester","abbykelleyfostercharter","abbykelleyfostercharter_list"
"2",2,"Abington","Abington Public Schools","abington","abington_list"
"3",3,"Academy Of the Pacific Rim Charter Public (Distric","Academy of the Pacific Rim Charter, Hyde Park","academyofthepacificrimcharter","academyofthepacificrimcharter_list"
"4",4,"Acton","Acton Public Schools","acton","acton_list"
"5",5,"Acton-Boxborough","Acton-Boxborough Regional","actonboxborough","actonboxborough_list"
"6",6,"Acushnet","Acushnet Public Schools","acushnet","acushnet_list"
"7",7,"Adams-Cheshire","Adams-Cheshire Regional","adamscheshire","adamscheshire_list"
"8",8,"Advanced Math and Science Academy Charter (Distric","Advanced Math and Science Academy Charter, Marlborough","advancedmathandscienceacademycharter","advancedmathandscienceacademycharter_list"
"9",9,"Agawam","Agawam Public Schools","agawam","agawam_list"
"10",10,"Alma del Mar Charter School (District)","Alma del Mar Charter, New Bedford","almadelmarcharterschool","almadelmarcharterschool_list"
"11",11,"Amesbury","Amesbury Public Schools","amesbury","amesbury_list"
"12",12,"Amesbury Academy Charter Public (District)","Amesbury Academy Charter, Amesbury","amesburyacademycharter","amesburyacademycharter_list"
"13",13,"Amherst","Amherst Public Schools","amherst","amherst_list"
"14",14,"Amherst-Pelham","Amherst-Pelham Regional","amherstpelham","amherstpelham_list"
"15",15,"Andover","Andover Public Schools","andover","andover_list"
"16",16,"Arlington","Arlington Public Schools","arlington","arlington_list"
"17",17,"Ashburnham-Westminster","Ashburnham-Westminster Regional","ashburnhamwestminster","ashburnhamwestminster_list"
"18",18,"Ashland","Ashland Public Schools","ashland","ashland_list"
"19",19,"Assabet Valley Regional Vocational Technical","Assabet Valley Vocational, Marlborough","assabetvalleyregional","assabetvalleyregional_list"
"20",20,"Athol-Royalston","Athol-Royalston Regional","atholroyalston","atholroyalston_list"
"21",21,"Atlantis Charter (District)","Atlantis Charter, Fall River","atlantischarter","atlantischarter_list"
"22",22,"Attleboro","Attleboro Public Schools","attleboro","attleboro_list"
"23",23,"Auburn","Auburn Public Schools","auburn","auburn_list"
"24",24,"Avon","Avon Public Schools","avon","avon_list"
"25",25,"Ayer Shirley School District","Ayer Shirley Regional","ayershirleyschooldistrict","ayershirleyschooldistrict_list"
"26",26,"Barnstable","Barnstable Public Schools","barnstable","barnstable_list"
"27",27,"Barnstable Community Horace Mann Charter Public (D","Barnstable Community Horace Mann Charter","barnstablecommunityhoracemanncharter","barnstablecommunityhoracemanncharter_list"
"28",28,"Bedford","Bedford Public Schools","bedford","bedford_list"
"29",29,"Belchertown","Belchertown Public Schools","belchertown","belchertown_list"
"30",30,"Bellingham","Bellingham Public Schools","bellingham","bellingham_list"
"31",31,"Belmont","Belmont Public Schools","belmont","belmont_list"
"32",32,"Benjamin Banneker Charter Public (District)","Benjamin Banneker Charter, Cambridge","benjaminbannekercharter","benjaminbannekercharter_list"
"33",33,"Benjamin Franklin Classical Charter Public (Distri","Benjamin Franklin Charter, Franklin","benjaminfranklinclassicalcharter","benjaminfranklinclassicalcharter_list"
"34",34,"Berkley","Berkley Public Schools","berkley","berkley_list"
"35",35,"Berkshire Arts and Technology Charter Public (Dist","Berkshire Arts & Technology Charter, Adams","berkshireartsandtechnologycharter","berkshireartsandtechnologycharter_list"
"36",36,"Berkshire Hills","Berkshire Hills Regional, Stockbridge","berkshirehills","berkshirehills_list"
"37",37,"Berlin","Berlin Public Schools","berlin","berlin_list"
"38",38,"Berlin-Boylston","Berlin-Boylston Regional","berlinboylston","berlinboylston_list"
"39",39,"Beverly","Beverly Public Schools","beverly","beverly_list"
"40",40,"Billerica","Billerica Public Schools","billerica","billerica_list"
"41",41,"Blackstone-Millville","Blackstone-Millville Regional","blackstonemillville","blackstonemillville_list"
"42",42,"Blackstone Valley Regional Vocational Technical","Blackstone Valley Vocational, Upton","blackstonevalleyregional","blackstonevalleyregional_list"
"43",43,"Blue Hills Regional Vocational Technical","Blue Hills Vocational, Canton","bluehillsregional","bluehillsregional_list"
"44",44,"Boston","Boston Public Schools","boston","boston_list"
"45",45,"Boston Collegiate Charter (District)","Boston Collegiate Charter","bostoncollegiatecharter","bostoncollegiatecharter_list"
"46",46,"Boston Day and Evening Academy Charter (District)","Boston Day and Evening Academy Charter","bostondayandeveningacademycharter","bostondayandeveningacademycharter_list"
"47",47,"Boston Green Academy Horace Mann Charter School (D","Boston Green Academy Charter, South Boston","bostongreenacademyhoracemanncharterschool","bostongreenacademyhoracemanncharterschool_list"
"48",48,"Boston Preparatory Charter Public (District)","Boston Preparatory Charter, Hyde Park","bostonpreparatorycharter","bostonpreparatorycharter_list"
"49",49,"Boston Renaissance Charter Public (District)","Boston Renaissance Charter","bostonrenaissancecharter","bostonrenaissancecharter_list"
"50",50,"Bourne","Bourne Public Schools","bourne","bourne_list"
"51",51,"Boxborough","Boxborough Public Schools","boxborough","boxborough_list"
"52",52,"Boxford","Boxford Public Schools","boxford","boxford_list"
"53",53,"Boylston","Boylston Public Schools","boylston","boylston_list"
"54",54,"Braintree","Braintree Public Schools","braintree","braintree_list"
"55",55,"Brewster","Brewster Public Schools","brewster","brewster_list"
"56",56,"Bridgewater-Raynham","Bridgewater-Raynham Regional","bridgewaterraynham","bridgewaterraynham_list"
"57",57,"Brimfield","Brimfield Public Schools","brimfield","brimfield_list"
"58",58,"Bristol County Agricultural","Bristol County Agricultural, Dighton","bristolcountyagricultural","bristolcountyagricultural_list"
"59",59,"Bristol-Plymouth Regional Vocational Technical","Bristol-Plymouth Vocational, Taunton","bristolplymouthregional","bristolplymouthregional_list"
"60",60,"Brockton","Brockton Public Schools","brockton","brockton_list"
"61",61,"Brookfield","Brookfield Public Schools","brookfield","brookfield_list"
"62",62,"Brookline","Brookline Public Schools","brookline","brookline_list"
"63",63,"Burlington","Burlington Public Schools","burlington","burlington_list"
"64",64,"Cambridge","Cambridge Public Schools","cambridge","cambridge_list"
"65",65,"Canton","Canton Public Schools","canton","canton_list"
"66",66,"Cape Cod Lighthouse Charter (District)","Cape Cod Lighthouse Charter, Orleans","capecodlighthousecharter","capecodlighthousecharter_list"
"67",67,"Cape Cod Regional Vocational Technical","Cape Cod Vocational, Harwich","capecodregional","capecodregional_list"
"68",68,"Carlisle","Carlisle Public Schools","carlisle","carlisle_list"
"69",69,"Carver","Carver Public Schools","carver","carver_list"
"70",70,"Central Berkshire","Central Berkshire Regional, Dalton","centralberkshire","centralberkshire_list"
"71",71,"Chelmsford","Chelmsford Public Schools","chelmsford","chelmsford_list"
"72",72,"Chelsea","Chelsea Public Schools","chelsea","chelsea_list"
"73",73,"Chesterfield-Goshen","Chesterfield-Goshen Regional","chesterfieldgoshen","chesterfieldgoshen_list"
"74",74,"Chicopee","Chicopee Public Schools","chicopee","chicopee_list"
"75",75,"Christa McAuliffe Regional Charter Public (Distric","Christa McAuliffe Regional Charter, Framingham","christamcaulifferegionalcharter","christamcaulifferegionalcharter_list"
"76",76,"City On A Hill Charter Public (District)","City On A Hill Charter, Boston","cityonahillcharter","cityonahillcharter_list"
"77",77,"Clarksburg","Clarksburg Public Schools","clarksburg","clarksburg_list"
"78",78,"Clinton","Clinton Public Schools","clinton","clinton_list"
"79",79,"Codman Academy Charter Public (District)","Codman Academy Charter, Dorchester","codmanacademycharter","codmanacademycharter_list"
"80",80,"Cohasset","Cohasset Public Schools","cohasset","cohasset_list"
"81",81,"Community Charter School of Cambridge (District)","Community Charter School of Cambridge","communitycharterschoolofcambridge","communitycharterschoolofcambridge_list"
"82",82,"Community Day Charter Public School - Prospect (Di","Community Day Charter - Prospect, Lawrence","communitydaycharterschoolprospect","communitydaycharterschoolprospect_list"
"83",83,"Concord","Concord Public Schools","concord","concord_list"
"84",84,"Concord-Carlisle","Concord-Carlisle Regional","concordcarlisle","concordcarlisle_list"
"85",85,"Conservatory Lab Charter (District)","Conservatory Lab Charter, Brighton","conservatorylabcharter","conservatorylabcharter_list"
"86",86,"Conway","Conway Public Schools","conway","conway_list"
"87",87,"Danvers","Danvers Public Schools","danvers","danvers_list"
"88",88,"Dartmouth","Dartmouth Public Schools","dartmouth","dartmouth_list"
"89",89,"Dedham","Dedham Public Schools","dedham","dedham_list"
"90",90,"Deerfield","Deerfield Public Schools","deerfield","deerfield_list"
"91",91,"Dennis-Yarmouth","Dennis-Yarmouth Regional","dennisyarmouth","dennisyarmouth_list"
"92",92,"Dighton-Rehoboth","Dighton-Rehoboth Regional","dightonrehoboth","dightonrehoboth_list"
"93",93,"Dorchester Collegiate Academy Charter (District)","Dorchester Collegiate Academy Charter, Dorchester","dorchestercollegiateacademycharter","dorchestercollegiateacademycharter_list"
"94",94,"Douglas","Douglas Public Schools","douglas","douglas_list"
"95",95,"Dover","Dover Public Schools","dover","dover_list"
"96",96,"Dover-Sherborn","Dover-Sherborn Regional","doversherborn","doversherborn_list"
"97",97,"Dracut","Dracut Public Schools","dracut","dracut_list"
"98",98,"Dudley-Charlton Reg","Dudley-Charlton Regional","dudleycharltonreg","dudleycharltonreg_list"
"99",99,"Duxbury","Duxbury Public Schools","duxbury","duxbury_list"
"100",100,"East Bridgewater","East Bridgewater Public Schools","eastbridgewater","eastbridgewater_list"
"101",101,"Eastham","Eastham Public Schools","eastham","eastham_list"
"102",102,"Easthampton","Easthampton Public Schools","easthampton","easthampton_list"
"103",103,"East Longmeadow","East Longmeadow Public Schools","eastlongmeadow","eastlongmeadow_list"
"104",104,"Easton","Easton Public Schools","easton","easton_list"
"105",105,"Edgartown","Edgartown Public Schools","edgartown","edgartown_list"
"106",106,"Edward Brooke Charter (District)","Edward Brooke Charter, East Boston","edwardbrookecharter","edwardbrookecharter_list"
"107",107,"Edward M. Kennedy Academy for Health Careers (Hora","Edward M. Kennedy Academy for Health Careers, Boston","edwardmkennedyacademyforhealthcareers","edwardmkennedyacademyforhealthcareers_list"
"108",108,"Edward W. Brooke Charter School 2 (District)","Edward Brooke Charter, Mattapan","edwardwbrookecharterschool2","edwardwbrookecharterschool2_list"
"109",109,"Edward W. Brooke Charter School 3 (District)","Edward Brooke Charter, Roslindale","edwardwbrookecharterschool3","edwardwbrookecharterschool3_list"
"110",110,"Erving","Erving Public Schools","erving","erving_list"
"111",111,"Essex Agricultural Technical","Essex Agricultural, Hathorne","essexagricultural","essexagricultural_list"
"112",112,"Everett","Everett Public Schools","everett","everett_list"
"113",113,"Excel Academy Charter (District)","Excel Academy Charter, East Boston","excelacademycharter","excelacademycharter_list"
"114",114,"Excel Academy Charter School - Boston II (District","Excel Academy Charter, Orient Heights","excelacademycharterschoolbostonii","excelacademycharterschoolbostonii_list"
"115",115,"Excel Academy Charter School - Chelsea (District)","Excel Academy Charter, Chelsea","excelacademycharterschoolchelsea","excelacademycharterschoolchelsea_list"
"116",116,"Fairhaven","Fairhaven Public Schools","fairhaven","fairhaven_list"
"117",117,"Fall River","Fall River Public Schools","fallriver","fallriver_list"
"118",118,"Falmouth","Falmouth Public Schools","falmouth","falmouth_list"
"119",119,"Farmington River Reg","Farmington River Regional, Otis","farmingtonriverreg","farmingtonriverreg_list"
"120",120,"Fitchburg","Fitchburg Public Schools","fitchburg","fitchburg_list"
"121",121,"Florida","Florida Public Schools","florida","florida_list"
"122",122,"Four Rivers Charter Public (District)","Four Rivers Charter, Greenfield","fourriverscharter","fourriverscharter_list"
"123",123,"Foxborough","Foxborough Public Schools","foxborough","foxborough_list"
"124",124,"Foxborough Regional Charter (District)","Foxborough Regional Charter","foxboroughregionalcharter","foxboroughregionalcharter_list"
"125",125,"Framingham","Framingham Public Schools","framingham","framingham_list"
"126",126,"Francis W. Parker Charter Essential (District)","Francis W Parker Charter, Devens","franciswparkercharteressential","franciswparkercharteressential_list"
"127",127,"Franklin","Franklin Public Schools","franklin","franklin_list"
"128",128,"Franklin County Regional Vocational Technical","Franklin County Vocational, Turners Falls","franklincountyregional","franklincountyregional_list"
"129",129,"Freetown-Lakeville","Freetown-Lakeville Regional","freetownlakeville","freetownlakeville_list"
"130",130,"Frontier","Frontier Regional, Deerfield","frontier","frontier_list"
"131",131,"Gardner","Gardner Public Schools","gardner","gardner_list"
"132",132,"Gateway","Gateway Regional, Huntington","gateway","gateway_list"
"133",133,"Georgetown","Georgetown Public Schools","georgetown","georgetown_list"
"134",134,"Gill-Montague","Gill-Montague Regional","gillmontague","gillmontague_list"
"135",135,"Global Learning Charter Public  (District)","Global Learning Charter, New Bedford","globallearningcharter","globallearningcharter_list"
"136",136,"Gloucester","Gloucester Public Schools","gloucester","gloucester_list"
"137",137,"Gosnold","Gosnold Public Schools","gosnold","gosnold_list"
"138",138,"Grafton","Grafton Public Schools","grafton","grafton_list"
"139",139,"Granby","Granby Public Schools","granby","granby_list"
"140",140,"Greater Fall River Regional Vocational Technical","Greater Fall River Vocational","greaterfallriverregional","greaterfallriverregional_list"
"141",141,"Greater Lawrence Regional Vocational Technical","Greater Lawrence Vocational, Andover","greaterlawrenceregional","greaterlawrenceregional_list"
"142",142,"Greater Lowell Regional Vocational Technical","Greater Lowell Vocational, Tyngsborough","greaterlowellregional","greaterlowellregional_list"
"143",143,"Greater New Bedford Regional Vocational Technical","Greater New Bedford Vocational","greaternewbedfordregional","greaternewbedfordregional_list"
"144",144,"Greenfield","Greenfield Public Schools","greenfield","greenfield_list"
"145",145,"Groton-Dunstable","Groton-Dunstable Regional","grotondunstable","grotondunstable_list"
"146",146,"Hadley","Hadley Public Schools","hadley","hadley_list"
"147",147,"Halifax","Halifax Public Schools","halifax","halifax_list"
"148",148,"Hamilton-Wenham","Hamilton-Wenham Regional","hamiltonwenham","hamiltonwenham_list"
"149",149,"Hampden Charter School of Science (District)","Hampden Charter School of Science, Chicopee","hampdencharterschoolofscience","hampdencharterschoolofscience_list"
"150",150,"Hampden-Wilbraham","Hampden-Wilbraham Regional","hampdenwilbraham","hampdenwilbraham_list"
"151",151,"Hampshire","Hampshire Regional, Westhampton","hampshire","hampshire_list"
"152",152,"Hancock","Hancock Public Schools","hancock","hancock_list"
"153",153,"Hanover","Hanover Public Schools","hanover","hanover_list"
"154",154,"Harvard","Harvard Public Schools","harvard","harvard_list"
"155",155,"Hatfield","Hatfield Public Schools","hatfield","hatfield_list"
"156",156,"Haverhill","Haverhill Public Schools","haverhill","haverhill_list"
"157",157,"Hawlemont","Hawlemont Regional, Shelburne Falls","hawlemont","hawlemont_list"
"158",158,"Hilltown Cooperative Charter  Public (District)","Hilltown Cooperative Charter, Haydenville","hilltowncooperativecharter","hilltowncooperativecharter_list"
"159",159,"Hill View Montessori Charter Public (District)","Hill View Montessori Charter, Haverhill","hillviewmontessoricharter","hillviewmontessoricharter_list"
"160",160,"Hingham","Hingham Public Schools","hingham","hingham_list"
"161",161,"Holbrook","Holbrook Public Schools","holbrook","holbrook_list"
"162",162,"Holland","Holland Public Schools","holland","holland_list"
"163",163,"Holliston","Holliston Public Schools","holliston","holliston_list"
"164",164,"Holyoke","Holyoke Public Schools","holyoke","holyoke_list"
"165",165,"Holyoke Community Charter (District)","Holyoke Community Charter","holyokecommunitycharter","holyokecommunitycharter_list"
"166",166,"Hopedale","Hopedale Public Schools","hopedale","hopedale_list"
"167",167,"Hopkinton","Hopkinton Public Schools","hopkinton","hopkinton_list"
"168",168,"Hudson","Hudson Public Schools","hudson","hudson_list"
"169",169,"Hull","Hull Public Schools","hull","hull_list"
"170",170,"Innovation Academy Charter (District)","Innovation Academy Charter, Chelmsford","innovationacademycharter","innovationacademycharter_list"
"171",171,"Ipswich","Ipswich Public Schools","ipswich","ipswich_list"
"172",172,"King Philip","King Philip Regional, Wrentham","kingphilip","kingphilip_list"
"173",173,"Kingston","Kingston Public Schools","kingston","kingston_list"
"174",174,"KIPP Academy Boston Charter School (District)","KIPP Academy Boston Charter, Boston","kippacademybostoncharterschool","kippacademybostoncharterschool_list"
"175",175,"KIPP Academy Lynn Charter (District)","KIPP Academy Lynn Charter, Lynn","kippacademylynncharter","kippacademylynncharter_list"
"176",176,"Lanesborough","Lanesborough Public Schools","lanesborough","lanesborough_list"
"177",177,"Lawrence","Lawrence Public Schools","lawrence","lawrence_list"
"178",178,"Lawrence Family Development Charter (District)","Lawrence Family Development Charter","lawrencefamilydevelopmentcharter","lawrencefamilydevelopmentcharter_list"
"179",179,"Lee","Lee Public Schools","lee","lee_list"
"180",180,"Leicester","Leicester Public Schools","leicester","leicester_list"
"181",181,"Lenox","Lenox Public Schools","lenox","lenox_list"
"182",182,"Leominster","Leominster Public Schools","leominster","leominster_list"
"183",183,"Leverett","Leverett Public Schools","leverett","leverett_list"
"184",184,"Lexington","Lexington Public Schools","lexington","lexington_list"
"185",185,"Lincoln","Lincoln Public Schools","lincoln","lincoln_list"
"186",186,"Lincoln-Sudbury","Lincoln-Sudbury Regional","lincolnsudbury","lincolnsudbury_list"
"187",187,"Littleton","Littleton Public Schools","littleton","littleton_list"
"188",188,"Longmeadow","Longmeadow Public Schools","longmeadow","longmeadow_list"
"189",189,"Lowell","Lowell Public Schools","lowell","lowell_list"
"190",190,"Lowell Community Charter Public (District)","Lowell Community Charter","lowellcommunitycharter","lowellcommunitycharter_list"
"191",191,"Lowell Middlesex Academy Charter (District)","Lowell Middlesex Academy","lowellmiddlesexacademycharter","lowellmiddlesexacademycharter_list"
"192",192,"Ludlow","Ludlow Public Schools","ludlow","ludlow_list"
"193",193,"Lunenburg","Lunenburg Public Schools","lunenburg","lunenburg_list"
"194",194,"Lynn","Lynn Public Schools","lynn","lynn_list"
"195",195,"Lynnfield","Lynnfield Public Schools","lynnfield","lynnfield_list"
"196",196,"Ma Academy for Math and Science","Mass. Academy for Math and Science, Worcester","maacademyformathandscience","maacademyformathandscience_list"
"197",197,"Malden","Malden Public Schools","malden","malden_list"
"198",198,"Manchester Essex Regional","Manchester Essex Regional","manchesteressexregional","manchesteressexregional_list"
"199",199,"Mansfield","Mansfield Public Schools","mansfield","mansfield_list"
"200",200,"Marblehead","Marblehead Public Schools","marblehead","marblehead_list"
"201",201,"Marblehead Community Charter Public (District)","Marblehead Community Charter","marbleheadcommunitycharter","marbleheadcommunitycharter_list"
"202",202,"Marion","Marion Public Schools","marion","marion_list"
"203",203,"Marlborough","Marlborough Public Schools","marlborough","marlborough_list"
"204",204,"Marshfield","Marshfield Public Schools","marshfield","marshfield_list"
"205",205,"Martha's Vineyard Charter (District)","Martha's Vineyard Charter, West Tisbury","marthasvineyardcharter","marthasvineyardcharter_list"
"206",206,"Marthas Vineyard","Martha's Vineyard Regional","marthasvineyard","marthasvineyard_list"
"207",207,"Martin Luther King Jr. Charter School of Excellenc","Martin Luther King Charter, Springfield","martinlutherkingjrcharterschoolofexcellenc","martinlutherkingjrcharterschoolofexcellenc_list"
"208",208,"Masconomet","Masconomet Regional, Topsfield","masconomet","masconomet_list"
"209",209,"Mashpee","Mashpee Public Schools","mashpee","mashpee_list"
"210",210,"MATCH Charter Public School (District)","MATCH Charter, Boston","matchcharterschool","matchcharterschool_list"
"211",211,"MATCH Community Day Charter Public School (Distric","MATCH Community Day Charter, Jamaica Plain","matchcommunitydaycharterschool","matchcommunitydaycharterschool_list"
"212",212,"Mattapoisett","Mattapoisett Public Schools","mattapoisett","mattapoisett_list"
"213",213,"Maynard","Maynard Public Schools","maynard","maynard_list"
"214",214,"Medfield","Medfield Public Schools","medfield","medfield_list"
"215",215,"Medford","Medford Public Schools","medford","medford_list"
"216",216,"Medway","Medway Public Schools","medway","medway_list"
"217",217,"Melrose","Melrose Public Schools","melrose","melrose_list"
"218",218,"Mendon-Upton","Mendon-Upton Regional","mendonupton","mendonupton_list"
"219",219,"Methuen","Methuen Public Schools","methuen","methuen_list"
"220",220,"Middleborough","Middleborough Public Schools","middleborough","middleborough_list"
"221",221,"Middleton","Middleton Public Schools","middleton","middleton_list"
"222",222,"Milford","Milford Public Schools","milford","milford_list"
"223",223,"Millbury","Millbury Public Schools","millbury","millbury_list"
"224",224,"Millis","Millis Public Schools","millis","millis_list"
"225",225,"Milton","Milton Public Schools","milton","milton_list"
"226",226,"Minuteman Regional Vocational Technical","Minuteman Vocational, Lexington","minutemanregional","minutemanregional_list"
"227",227,"Mohawk Trail","Mohawk Trail Regional, Shelburne Falls","mohawktrail","mohawktrail_list"
"228",228,"Monomoy Regional School District","Monomoy Regional, Chatham","monomoyregionalschooldistrict","monomoyregionalschooldistrict_list"
"229",229,"Monson","Monson Public Schools","monson","monson_list"
"230",230,"Montachusett Regional Vocational Technical","Montachusett Vocational, Fitchburg","montachusettregional","montachusettregional_list"
"231",231,"Mount Greylock","Mount Greylock Regional, Williamstown","mountgreylock","mountgreylock_list"
"232",232,"Mystic Valley Regional Charter (District)","Mystic Valley Regional Charter, Malden","mysticvalleyregionalcharter","mysticvalleyregionalcharter_list"
"233",233,"Nahant","Nahant Public Schools","nahant","nahant_list"
"234",234,"Nantucket","Nantucket Public Schools","nantucket","nantucket_list"
"235",235,"Narragansett","Narragansett Regional, Baldwinville","narragansett","narragansett_list"
"236",236,"Nashoba","Nashoba Regional, Bolton","nashoba","nashoba_list"
"237",237,"Nashoba Valley Regional Vocational Technical","Nashoba Valley Vocational, Westford","nashobavalleyregional","nashobavalleyregional_list"
"238",238,"Natick","Natick Public Schools","natick","natick_list"
"239",239,"Nauset","Nauset Regional, Orleans","nauset","nauset_list"
"240",240,"Needham","Needham Public Schools","needham","needham_list"
"241",241,"Neighborhood House Charter (District)","Neighborhood House Charter, Dorchester","neighborhoodhousecharter","neighborhoodhousecharter_list"
"242",242,"New Bedford","New Bedford Public Schools","newbedford","newbedford_list"
"243",243,"Newburyport","Newburyport Public Schools","newburyport","newburyport_list"
"244",244,"New Leadership Charter (District)","New Leadership Charter, Springfield","newleadershipcharter","newleadershipcharter_list"
"245",245,"New Salem-Wendell","New Salem-Wendell Regional","newsalemwendell","newsalemwendell_list"
"246",246,"Newton","Newton Public Schools","newton","newton_list"
"247",247,"Norfolk","Norfolk Public Schools","norfolk","norfolk_list"
"248",248,"Norfolk County Agricultural","Norfolk County Agricultural, Walpole","norfolkcountyagricultural","norfolkcountyagricultural_list"
"249",249,"North Adams","North Adams Public Schools","northadams","northadams_list"
"250",250,"Northampton","Northampton Public Schools","northampton","northampton_list"
"251",251,"Northampton-Smith Vocational Agricultural","Northampton-Smith Vocational","northamptonsmithagricultural","northamptonsmithagricultural_list"
"252",252,"North Andover","North Andover Public Schools","northandover","northandover_list"
"253",253,"North Attleborough","North Attleborough Public Schools","northattleborough","northattleborough_list"
"254",254,"Northboro-Southboro","Northborough-Southborough Regional","northborosouthboro","northborosouthboro_list"
"255",255,"Northborough","Northborough Public Schools","northborough","northborough_list"
"256",256,"Northbridge","Northbridge Public Schools","northbridge","northbridge_list"
"257",257,"North Brookfield","North Brookfield Public Schools","northbrookfield","northbrookfield_list"
"258",258,"North Central Charter Essential (District)","North Central Charter, Fitchburg","northcentralcharteressential","northcentralcharteressential_list"
"259",259,"Northeast Metropolitan Regional Vocational Technic","Northeast Metro Vocational, Wakefield","northeastmetropolitanregionaltechnic","northeastmetropolitanregionaltechnic_list"
"260",260,"Northern Berkshire Regional Vocational Technical","Northern Berkshire Vocational, North Adams","northernberkshireregional","northernberkshireregional_list"
"261",261,"North Middlesex","North Middlesex Regional, Townsend","northmiddlesex","northmiddlesex_list"
"262",262,"North Reading","North Reading Public Schools","northreading","northreading_list"
"263",263,"North Shore Regional Vocational Technical","North Shore Vocational, Middleton","northshoreregional","northshoreregional_list"
"264",264,"Norton","Norton Public Schools","norton","norton_list"
"265",265,"Norwell","Norwell Public Schools","norwell","norwell_list"
"266",266,"Norwood","Norwood Public Schools","norwood","norwood_list"
"267",267,"Oak Bluffs","Oak Bluffs Public Schools","oakbluffs","oakbluffs_list"
"268",268,"Old Colony Regional Vocational Technical","Old Colony Vocational, Rochester","oldcolonyregional","oldcolonyregional_list"
"269",269,"Old Rochester","Old Rochester Regional, Mattapoisett","oldrochester","oldrochester_list"
"270",270,"Orange","Orange Public Schools","orange","orange_list"
"271",271,"Orleans","Orleans Public Schools","orleans","orleans_list"
"272",272,"Oxford","Oxford Public Schools","oxford","oxford_list"
"273",273,"Palmer","Palmer Public Schools","palmer","palmer_list"
"274",274,"Pathfinder Regional Vocational Technical","Pathfinder Vocational, Palmer","pathfinderregional","pathfinderregional_list"
"275",275,"Peabody","Peabody Public Schools","peabody","peabody_list"
"276",276,"Pelham","Pelham Public Schools","pelham","pelham_list"
"277",277,"Pembroke","Pembroke Public Schools","pembroke","pembroke_list"
"278",278,"Pentucket","Pentucket Regional, West Newbury","pentucket","pentucket_list"
"279",279,"Petersham","Petersham Public Schools","petersham","petersham_list"
"280",280,"Phoenix Charter Academy (District)","Phoenix Charter Academy, Chelsea","phoenixcharteracademy","phoenixcharteracademy_list"
"281",281,"Pioneer Charter School of Science (District)","Pioneer Charter School of Science, Everett","pioneercharterschoolofscience","pioneercharterschoolofscience_list"
"282",282,"Pioneer Valley","Pioneer Valley Regional, Northfield","pioneervalley","pioneervalley_list"
"283",283,"Pioneer Valley Chinese Immersion Charter(District)","Pioneer Valley Chinese Immersion Charter, Hadley","pioneervalleychineseimmersioncharter","pioneervalleychineseimmersioncharter_list"
"284",284,"Pioneer Valley Performing Arts Charter Public (Dis","Pioneer Valley Performing Arts Charter, Hadley","pioneervalleyperformingartscharter","pioneervalleyperformingartscharter_list"
"285",285,"Pittsfield","Pittsfield Public Schools","pittsfield","pittsfield_list"
"286",286,"Plainville","Plainville Public Schools","plainville","plainville_list"
"287",287,"Plymouth","Plymouth Public Schools","plymouth","plymouth_list"
"288",288,"Plympton","Plympton Public Schools","plympton","plympton_list"
"289",289,"Prospect Hill Academy Charter (District)","Prospect Hill Academy Charter, Somerville","prospecthillacademycharter","prospecthillacademycharter_list"
"290",290,"Provincetown","Provincetown Public Schools","provincetown","provincetown_list"
"291",291,"Quabbin","Quabbin Regional, Barre","quabbin","quabbin_list"
"292",292,"Quaboag Regional","Quaboag Regional, Warre","quaboagregional","quaboagregional_list"
"293",293,"Quincy","Quincy Public Schools","quincy","quincy_list"
"294",294,"Ralph C Mahar","Ralph Mahar Regional, Orange","ralphcmahar","ralphcmahar_list"
"295",295,"Randolph","Randolph Public Schools","randolph","randolph_list"
"296",296,"Reading","Reading Public Schools","reading","reading_list"
"297",297,"Revere","Revere Public Schools","revere","revere_list"
"298",298,"Richmond","Richmond Public Schools","richmond","richmond_list"
"299",299,"Rising Tide Charter Public (District)","Rising Tide Charter, Plymouth","risingtidecharter","risingtidecharter_list"
"300",300,"River Valley Charter (District)","River Valley Charter, Newburyport","rivervalleycharter","rivervalleycharter_list"
"301",301,"Rochester","Rochester Public Schools","rochester","rochester_list"
"302",302,"Rockland","Rockland Public Schools","rockland","rockland_list"
"303",303,"Rockport","Rockport Public Schools","rockport","rockport_list"
"304",304,"Rowe","Rowe Public Schools","rowe","rowe_list"
"305",305,"Roxbury Preparatory Charter (District)","Roxbury Preparatory Charter","roxburypreparatorycharter","roxburypreparatorycharter_list"
"306",306,"Sabis International Charter (District)","Sabis International Charter, Springfield","sabisinternationalcharter","sabisinternationalcharter_list"
"307",307,"Salem","Salem Public Schools","salem","salem_list"
"308",308,"Salem Academy Charter (District)","Salem Academy Charter, Salem","salemacademycharter","salemacademycharter_list"
"309",309,"Salem Community Charter School (District)","Salem Community Charter, Salem","salemcommunitycharterschool","salemcommunitycharterschool_list"
"310",310,"Sandwich","Sandwich Public Schools","sandwich","sandwich_list"
"311",311,"Saugus","Saugus Public Schools","saugus","saugus_list"
"312",312,"Savoy","Savoy Public Schools","savoy","savoy_list"
"313",313,"Scituate","Scituate Public Schools","scituate","scituate_list"
"314",314,"Seekonk","Seekonk Public Schools","seekonk","seekonk_list"
"315",315,"Seven Hills Charter Public (District)","Seven Hills Charter, Worcester","sevenhillscharter","sevenhillscharter_list"
"316",316,"Sharon","Sharon Public Schools","sharon","sharon_list"
"317",317,"Shawsheen Valley Regional Vocational Technical","Shawsheen Valley Vocational, Billerica","shawsheenvalleyregional","shawsheenvalleyregional_list"
"318",318,"Sherborn","Sherborn Public Schools","sherborn","sherborn_list"
"319",319,"Shrewsbury","Shrewsbury Public Schools","shrewsbury","shrewsbury_list"
"320",320,"Shutesbury","Shutesbury Public Schools","shutesbury","shutesbury_list"
"321",321,"Silver Hill Horace Mann Charter (District)","Silver Hill Horace Mann Charter, Haverhill","silverhillhoracemanncharter","silverhillhoracemanncharter_list"
"322",322,"Silver Lake","Silver Lake Regional, Kingston","silverlake","silverlake_list"
"323",323,"Smith Leadership Academy Charter Public (District)","Smith Leadership Academy Charter, Boston","smithleadershipacademycharter","smithleadershipacademycharter_list"
"324",324,"Somerset","Somerset Berkley Regional","somerset","somerset_list"
"325",325,"Somerset Berkley Regional School District","Somerset Public Schools","somersetberkleyregionalschooldistrict","somersetberkleyregionalschooldistrict_list"
"326",326,"Somerville","Somerville Public Schools","somerville","somerville_list"
"327",327,"Southampton","Southampton Public Schools","southampton","southampton_list"
"328",328,"Southborough","Southborough Public Schools","southborough","southborough_list"
"329",329,"Southbridge","Southbridge Public Schools","southbridge","southbridge_list"
"330",330,"Southeastern Regional Vocational Technical","Southeastern Vocational, South Easton","southeasternregional","southeasternregional_list"
"331",331,"Southern Berkshire","Southern Berkshire Regional, Sheffield","southernberkshire","southernberkshire_list"
"332",332,"Southern Worcester County Regional Vocational Tech","Southern Worcester County Vocational, Charlton","southernworcestercountyregionaltech","southernworcestercountyregionaltech_list"
"333",333,"South Hadley","South Hadley Public Schools","southhadley","southhadley_list"
"334",334,"South Middlesex Regional Vocational Technical","South Middlesex Vocational, Framingham","southmiddlesexregional","southmiddlesexregional_list"
"335",335,"South Shore Charter Public (District)","South Shore Charter, Hull","southshorecharter","southshorecharter_list"
"336",336,"South Shore Regional Vocational Technical","South Shore Vocational, Hanover","southshoreregional","southshoreregional_list"
"337",337,"Southwick-Tolland-Granville Regional School Distri","Southwick-Tolland-Granville Regional","southwicktollandgranvilleregionalschooldistri","southwicktollandgranvilleregionalschooldistri_list"
"338",338,"Spencer-E Brookfield","Spencer-East Brookfield Regional","spencerebrookfield","spencerebrookfield_list"
"339",339,"Spirit of Knowledge Charter School (District)","Spirit of Knowledge Charter, Worcester","spiritofknowledgecharterschool","spiritofknowledgecharterschool_list"
"340",340,"Springfield","Springfield Public Schools","springfield","springfield_list"
"341",341,"Stoneham","Stoneham Public Schools","stoneham","stoneham_list"
"342",342,"Stoughton","Stoughton Public Schools","stoughton","stoughton_list"
"343",343,"Sturbridge","Sturbridge Public Schools","sturbridge","sturbridge_list"
"344",344,"Sturgis Charter Public (District)","Sturgis Charter, Hyannis","sturgischarter","sturgischarter_list"
"345",345,"Sudbury","Sudbury Public Schools","sudbury","sudbury_list"
"346",346,"Sunderland","Sunderland Public Schools","sunderland","sunderland_list"
"347",347,"Sutton","Sutton Public Schools","sutton","sutton_list"
"348",348,"Swampscott","Swampscott Public Schools","swampscott","swampscott_list"
"349",349,"Swansea","Swansea Public Schools","swansea","swansea_list"
"350",350,"Tantasqua","Tantasqua Regional, Fiskdale","tantasqua","tantasqua_list"
"351",351,"Taunton","Taunton Public Schools","taunton","taunton_list"
"352",352,"Tewksbury","Tewksbury Public Schools","tewksbury","tewksbury_list"
"353",353,"Tisbury","Tisbury Public Schools","tisbury","tisbury_list"
"354",354,"Topsfield","Topsfield Public Schools","topsfield","topsfield_list"
"355",355,"Tri County Regional Vocational Technical","Tri-County Vocational, Franklin","tricountyregional","tricountyregional_list"
"356",356,"Triton","Triton Regional, Byfield","triton","triton_list"
"357",357,"Truro","Truro Public Schools","truro","truro_list"
"358",358,"Tyngsborough","Tyngsborough Public Schools","tyngsborough","tyngsborough_list"
"359",359,"UP Academy Charter School of Boston (District)","UP Academy Charter, Boston","upacademycharterschoolofboston","upacademycharterschoolofboston_list"
"360",360,"Up-Island Regional","Up-Island Regional, Vineyard Haven","upislandregional","upislandregional_list"
"361",361,"Upper Cape Cod Regional Vocational Technical","Upper Cape Cod Vocational, Bourne","uppercapecodregional","uppercapecodregional_list"
"362",362,"Uxbridge","Uxbridge Public Schools","uxbridge","uxbridge_list"
"363",363,"Veritas Preparatory Charter School (District)","Veritas Preparatory Charter, Springfield","veritaspreparatorycharterschool","veritaspreparatorycharterschool_list"
"364",364,"Wachusett","Wachusett Regional, Jefferson","wachusett","wachusett_list"
"365",365,"Wakefield","Wakefield Public Schools","wakefield","wakefield_list"
"366",366,"Wales","Wales Public Schools","wales","wales_list"
"367",367,"Walpole","Walpole Public Schools","walpole","walpole_list"
"368",368,"Waltham","Waltham Public Schools","waltham","waltham_list"
"369",369,"Ware","Ware Public Schools","ware","ware_list"
"370",370,"Wareham","Wareham Public Schools","wareham","wareham_list"
"371",371,"Watertown","Watertown Public Schools","watertown","watertown_list"
"372",372,"Wayland","Wayland Public Schools","wayland","wayland_list"
"373",373,"Webster","Webster Public Schools","webster","webster_list"
"374",374,"Wellesley","Wellesley Public Schools","wellesley","wellesley_list"
"375",375,"Wellfleet","Wellfleet Public Schools","wellfleet","wellfleet_list"
"376",376,"Westborough","Westborough Public Schools","westborough","westborough_list"
"377",377,"West Boylston","West Boylston Public Schools","westboylston","westboylston_list"
"378",378,"West Bridgewater","West Bridgewater Public Schools","westbridgewater","westbridgewater_list"
"379",379,"Westfield","Westfield Public Schools","westfield","westfield_list"
"380",380,"Westford","Westford Public Schools","westford","westford_list"
"381",381,"Westhampton","Westhampton Public Schools","westhampton","westhampton_list"
"382",382,"Weston","Weston Public Schools","weston","weston_list"
"383",383,"Westport","Westport Community Public Schools","westport","westport_list"
"384",384,"West Springfield","West Springfield Public Schools","westspringfield","westspringfield_list"
"385",385,"Westwood","Westwood Public Schools","westwood","westwood_list"
"386",386,"Weymouth","Weymouth Public Schools","weymouth","weymouth_list"
"387",387,"Whately","Whately Public Schools","whately","whately_list"
"388",388,"Whitman-Hanson","Whitman-Hanson Regional, Whitman","whitmanhanson","whitmanhanson_list"
"389",389,"Whittier Regional Vocational Technical","Whittier Vocational, Haverhill","whittierregional","whittierregional_list"
"390",390,"Williamsburg","Williamsburg Public Schools","williamsburg","williamsburg_list"
"391",391,"Williamstown","Williamstown Public Schools","williamstown","williamstown_list"
"392",392,"Wilmington","Wilmington Public Schools","wilmington","wilmington_list"
"393",393,"Winchendon","Winchendon Public Schools","winchendon","winchendon_list"
"394",394,"Winchester","Winchester Public Schools","winchester","winchester_list"
"395",395,"Winthrop","Winthrop Public Schools","winthrop","winthrop_list"
"396",396,"Woburn","Woburn Public Schools","woburn","woburn_list"
"397",397,"Worcester","Worcester Public Schools","worcester","worcester_list"
"398",398,"Wrentham","Wrentham Public Schools","wrentham","wrentham_list"
"399",399,"Baystate Academy Charter Public School (District)","Baystate Academy Charter Public School","baystateacademycharter","baystateacademycharter_list"
"400",400,"Lowell Collegiate Charter School (District)","Lowell Collegiate Charter School","lowellcollegiate","lowellcollegiate_list"
"401",401,"Massachusetts Virtual Academy at Greenfield","Massachusetts Virtual Academy at Greenfield","massvirtualacademy","massvirtualacademy_list"
"402",402,"Paulo Freire Social Justice Charter School (District)","Paulo Freire Social Justice Charter School","paulofreire","paulofreire_list"
"403",403,"Pioneer Charter School of Science II (PCSS-II) (District)","Pioneer Charter School of Science II, Saugus","pioneercharterii","pioneercharterii_list"
"404",404,"UP Academy Charter School of Dorchester (District)","UP Academy Charter School of Dorchester","upacademydorchester","upacademydorchester_list"
